107971	"Tuple{typeof(Base.include), Module, String}"
228627	"Tuple{getfield(Base, Symbol("##open#294")), Base.Iterators.Pairs{Union{}, Union{}, Tuple{}, NamedTuple{(), Tuple{}}}, Function, getfield(Base, Symbol("##640#641")){String}, String}"
192135	"Tuple{getfield(Base, Symbol("##open#294")), Base.Iterators.Pairs{Union{}, Union{}, Tuple{}, NamedTuple{(), Tuple{}}}, Function, getfield(Base, Symbol("##646#647")){String, Base.PkgId}, String}"
660888	"Tuple{typeof(Base.findfirst), Function, Base.SubString{String}}"
679447	"Tuple{typeof(Base._split), Base.SubString{String}, Function, Int64, Bool, Array{Base.SubString{String}, 1}}"
151751	"Tuple{getfield(Base, Symbol("##parse#333")), Nothing, Function, Type{UInt64}, Base.SubString{String}}"
1389336	"Tuple{Type{Base.VersionNumber}, UInt32, UInt32, UInt32, Tuple{String, UInt64}, Tuple{}}"
374942	"Tuple{getfield(Base, Symbol("##open#294")), Base.Iterators.Pairs{Union{}, Union{}, Tuple{}, NamedTuple{(), Tuple{}}}, Function, getfield(Base, Symbol("##644#645")){String, Base.UUID, String}, String}"
93619	"Tuple{typeof(Base.show), Base.GenericIOBuffer{Array{UInt8, 1}}, String}"
171072	"Tuple{typeof(Compat.include), String}"
107538	"Tuple{typeof(Base.:(<=)), Base.VersionNumber, Base.VersionNumber}"
417195	"Tuple{typeof(Base.signature_type), Any, Any}"
678032	"Tuple{typeof(Base._methods_by_ftype), Any, Int64, UInt64}"
252650	"Tuple{typeof(Base.methods), Any, Any}"
129892	"Tuple{typeof(Base.axes), Array{Any, 1}}"
107519	"Tuple{typeof(Base.similar), Type{Array{Method, N} where N}, Tuple{Base.OneTo{Int64}}}"
105007	"Tuple{Type{Base.LinearIndices{N, R} where R<:Tuple{Vararg{Base.AbstractUnitRange{Int64}, N}} where N}, Array{Method, 1}}"
79565	"Tuple{typeof(Base.isempty), Base.MethodList}"
69292	"Tuple{getfield(Base, Symbol("#@deprecate_binding")), LineNumberNode, Module, Any, Any}"
167589	"Tuple{getfield(Base, Symbol("#@deprecate_binding")), LineNumberNode, Module, Any, Any, Any, Any, Any}"
67094	"Tuple{typeof(Base.string), String, Expr, Vararg{Any, N} where N}"
104290	"Tuple{typeof(Base.string), String, Symbol}"
135802	"Tuple{typeof(Base.deprecate), Module, Symbol}"
165033	"Tuple{typeof(NCDatasets.include), String}"
107515	"Tuple{typeof(Base.:(*)), Int64, Int64, Int64, Int64}"
89491	"Tuple{Type{Dates.Millisecond}, Int64}"
265092	"Tuple{typeof(Base._compute_eltype), Type{Tuple{String, Symbol, Symbol, Symbol}}}"
361065	"Tuple{typeof(Base.getindex), Tuple{String, Symbol, Symbol, Symbol}, Base.UnitRange{Int64}}"
511360	"Tuple{typeof(Base.Printf._printf), String, Expr, String, Tuple{Symbol, Symbol, Symbol}}"
386269	"Tuple{typeof(Base.vect), Tuple{String, Tuple{Int64, Int64, Int64, Int64, Int64, Int64, Int64, Int64, Int64, Int64, Int64, Int64, Int64}}, Vararg{Tuple{String, Tuple{Int64, Int64, Int64, Int64, Int64, Int64, Int64, Int64, Int64, Int64, Int64, Int64, Int64}}, N} where N}"
354287	"Tuple{typeof(Base.vect), Tuple{Symbol, String}, Vararg{Tuple{Symbol, String}, N} where N}"
172693	"Tuple{typeof(Base.iterate), Array{Tuple{Symbol, String}, 1}}"
123792	"Tuple{Type{Symbol}, Symbol, Vararg{Any, N} where N}"
140623	"Tuple{getfield(Core, Symbol("#@doc")), LineNumberNode, Module, Expr, Vararg{Expr, N} where N}"
215194	"Tuple{typeof(Base._compute_eltype), Type{Tuple{String, Symbol, Symbol, Symbol, Symbol, Symbol, Symbol}}}"
380942	"Tuple{typeof(Base.getindex), Tuple{String, Symbol, Symbol, Symbol, Symbol, Symbol, Symbol}, Base.UnitRange{Int64}}"
533310	"Tuple{typeof(Base.Printf._printf), String, Expr, String, Tuple{Symbol, Symbol, Symbol, Symbol, Symbol, Symbol}}"
196765	"Tuple{typeof(Base.iterate), Array{Tuple{Symbol, String}, 1}, Int64}"
1394901	"Tuple{typeof(Base.Docs.docm), LineNumberNode, Module, Any, Any, Bool}"
17381	"Tuple{typeof(Base.Docs.docm), LineNumberNode, Module, Any, Any}"
508693	"Tuple{typeof(Base.Docs.calldoc), Any, Any, Any, Expr}"
465007	"Tuple{typeof(Base.Docs.splitexpr), Expr}"
25863	"Tuple{typeof(Base.Docs.bindingexpr), Any}"
63515	"Tuple{typeof(Base.Docs.objectdoc), Any, Any, Any, Any, Any, Any}"
8767227	"Tuple{typeof(Base.show_unquoted), Base.GenericIOBuffer{Array{UInt8, 1}}, Expr, Int64, Int64}"
23737	"Tuple{typeof(Base.print), Base.GenericIOBuffer{Array{UInt8, 1}}, Expr}"
517963	"Tuple{typeof(Base.print_to_string), Expr}"
19256	"Tuple{typeof(Base.string), Expr}"
162576	"Tuple{typeof(Base.show_unquoted), Base.GenericIOBuffer{Array{UInt8, 1}}, LineNumberNode, Int64, Int64}"
96982	"Tuple{typeof(Base.show_linenumber), Base.GenericIOBuffer{Array{UInt8, 1}}, Int64, Symbol}"
208656	"Tuple{typeof(Base.print), Base.GenericIOBuffer{Array{UInt8, 1}}, String, Symbol, Vararg{Any, N} where N}"
317888	"Tuple{typeof(Base.print), Base.GenericIOBuffer{Array{UInt8, 1}}, LineNumberNode, Char}"
185339	"Tuple{getfield(Base, Symbol("#@show")), LineNumberNode, Module, Vararg{Any, N} where N}"
68041	"Tuple{typeof(Base.iterate), Tuple{Expr}}"
76340	"Tuple{typeof(Base.sprint), Function, Expr}"
349937	"Tuple{getfield(Base, Symbol("##sprint#325")), Nothing, Int64, Function, Function, Expr}"
48397	"Tuple{typeof(Base.show_unquoted), Base.GenericIOBuffer{Array{UInt8, 1}}, Expr}"
86424	"Tuple{typeof(Base.iterate), Tuple{Expr}, Int64}"
231654	"Tuple{getfield(Base, Symbol("#@view")), LineNumberNode, Module, Any}"
99950	"Tuple{typeof(Base.Meta.isexpr), Any, Symbol}"
933243	"Tuple{typeof(Base.replace_ref_end_!), Expr, Nothing}"
21406	"Tuple{typeof(Base.replace_ref_end!), Expr}"
179939	"Tuple{typeof(Base.replace_ref_end_!), Symbol, Nothing}"
897557	"Tuple{typeof(Base.replace_ref_end_!), Expr, Expr}"
101764	"Tuple{typeof(Base.replace_ref_end_!), Symbol, Expr}"
4388328	"Tuple{getfield(Base, Symbol("##648#649")), String}"
276248	"Tuple{typeof(Base.load_path_setup_code), Bool}"
566920	"Tuple{typeof(Base.create_expr_cache), String, String, Array{Base.Pair{Base.PkgId, UInt64}, 1}, Nothing}"
865759	"Tuple{typeof(Base.compilecache), Base.PkgId, String}"
951497	"Tuple{typeof(Base._require), Base.PkgId}"
171409	"Tuple{typeof(Base.require), Base.PkgId}"
386620	"Tuple{typeof(Base.require), Module, Symbol}"
150854	"Tuple{getfield(NCDatasets, Symbol("#@checked_lib")), LineNumberNode, Module, Any, Any}"
60696	"Tuple{typeof(Libdl.dlopen_e), String}"
142982	"Tuple{Type{Int8}, Int64}"
90618	"Tuple{Type{Int16}, Int64}"
56559	"Tuple{getfield(Base, Symbol("#@int128_str")), LineNumberNode, Module, Any}"
127961	"Tuple{typeof(Core.Compiler.getindex), Tuple{Int128, Int128}, Int64}"
102315	"Tuple{typeof(Core.Compiler.getindex), Tuple{Int128, Int64}, Int64}"
106879	"Tuple{typeof(Base.parse), Type{Int128}, String}"
3051010	"Tuple{typeof(Base.Checked.mul_with_overflow), Int128, Int128}"
1520493	"Tuple{typeof(Base.tryparse_internal), Type{Int128}, String, Int64, Int64, Int64, Bool}"
53294	"Tuple{getfield(Base, Symbol("##parse#333")), Nothing, Function, Type{Int128}, String}"
116427	"Tuple{Type{UInt64}, Int128}"
371861	"Tuple{Type{Base.Dict{Int32, Symbol}}}"
1676821	"Tuple{typeof(Base.rehash!), Base.Dict{Int32, Symbol}, Int64}"
60620	"Tuple{typeof(Base.ht_keyindex2!), Base.Dict{Int32, Symbol}, Int32}"
125022	"Tuple{typeof(Base.setindex!), Base.Dict{Int32, Symbol}, Symbol, Int32}"
78377	"Tuple{Type{Base.Dict{Int32, Symbol}}, Base.Pair{Int64, Symbol}, Vararg{Base.Pair{Int64, Symbol}, N} where N}"
82984	"Tuple{Type{Base.Generator{I, F} where F where I}, getfield(NCDatasets, Symbol("##4#5")), Base.Dict{Int32, Symbol}}"
711155	"Tuple{Type{Base.Dict{Symbol, Int32}}}"
2144940	"Tuple{typeof(Base.rehash!), Base.Dict{Symbol, Int32}, Int64}"
106728	"Tuple{typeof(Base.ht_keyindex2!), Base.Dict{Symbol, Int32}, Symbol}"
167530	"Tuple{typeof(Base.setindex!), Base.Dict{Symbol, Int32}, Int32, Symbol}"
153967	"Tuple{Type{Base.Dict{Symbol, Int32}}, Base.Generator{Base.Dict{Int32, Symbol}, getfield(NCDatasets, Symbol("##4#5"))}}"
491985	"Tuple{typeof(Base._all), getfield(Base, Symbol("##220#222")), Base.Generator{Base.Dict{Int32, Symbol}, getfield(NCDatasets, Symbol("##4#5"))}, Base.Colon}"
41650	"Tuple{Type{Base.Dict{K, V} where V where K}, Base.Generator{Base.Dict{Int32, Symbol}, getfield(NCDatasets, Symbol("##4#5"))}}"
68043	"Tuple{Type{Base.Generator{I, F} where F where I}, getfield(NCDatasets, Symbol("##6#7")), Base.Dict{Int32, Symbol}}"
1521371	"Tuple{Type{Base.Dict{Symbol, Int32}}, Base.Generator{Base.Dict{Int32, Symbol}, getfield(NCDatasets, Symbol("##6#7"))}}"
625480	"Tuple{typeof(Base._all), getfield(Base, Symbol("##220#222")), Base.Generator{Base.Dict{Int32, Symbol}, getfield(NCDatasets, Symbol("##6#7"))}, Base.Colon}"
41340	"Tuple{Type{Base.Dict{K, V} where V where K}, Base.Generator{Base.Dict{Int32, Symbol}, getfield(NCDatasets, Symbol("##6#7"))}}"
91003	"Tuple{Type{Base.Dict{K, V} where V where K}, Base.Pair{Symbol, String}, Vararg{Base.Pair{A, B} where B where A, N} where N}"
464319	"Tuple{typeof(Base.grow_to!), Base.Dict{Symbol, String}, Tuple{Base.Pair{Symbol, String}, Base.Pair{Symbol, Int64}, Base.Pair{Symbol, Module}}, Int64}"
525676	"Tuple{Type{Base.Dict{K, V} where V where K}, Tuple{Base.Pair{Symbol, String}, Base.Pair{Symbol, Int64}, Base.Pair{Symbol, Module}}}"
251794	"Tuple{typeof(Base.grow_to!), Base.Dict{Symbol, Any}, Tuple{Base.Pair{Symbol, String}, Base.Pair{Symbol, Int64}, Base.Pair{Symbol, Module}}, Int64}"
117276	"Tuple{Type{Base.Pair{A, B} where B where A}, Int64, Type{T} where T}"
72904	"Tuple{Type{Base.Pair{Int64, DataType}}, Any, Any}"
325130	"Tuple{Type{Base.Dict{Int64, DataType}}}"
1755631	"Tuple{typeof(Base.rehash!), Base.Dict{Int64, DataType}, Int64}"
72292	"Tuple{typeof(Base.ht_keyindex2!), Base.Dict{Int64, DataType}, Int64}"
149852	"Tuple{typeof(Base.setindex!), Base.Dict{Int64, DataType}, DataType, Int64}"
56891	"Tuple{Type{Base.Dict{K, V} where V where K}, Base.Pair{Int64, DataType}, Vararg{Base.Pair{Int64, DataType}, N} where N}"
94563	"Tuple{Type{Base.Generator{I, F} where F where I}, getfield(NCDatasets, Symbol("##10#11")), Base.Dict{Int64, DataType}}"
670598	"Tuple{Type{Base.Dict{DataType, Int64}}}"
256740	"Tuple{Type{Base.Dict{DataType, Int64}}, Base.Generator{Base.Dict{Int64, DataType}, getfield(NCDatasets, Symbol("##10#11"))}}"
536571	"Tuple{typeof(Base._all), getfield(Base, Symbol("##220#222")), Base.Generator{Base.Dict{Int64, DataType}, getfield(NCDatasets, Symbol("##10#11"))}, Base.Colon}"
34467	"Tuple{Type{Base.Dict{K, V} where V where K}, Base.Generator{Base.Dict{Int64, DataType}, getfield(NCDatasets, Symbol("##10#11"))}}"
1460552	"Tuple{typeof(Base.rehash!), Base.Dict{DataType, Int64}, Int64}"
43175	"Tuple{typeof(Base.setindex!), Base.Dict{DataType, Int64}, Int64, Type{Char}}"
496248	"Tuple{typeof(Base.ht_keyindex2!), Base.Dict{DataType, Int64}, Type{T} where T}"
380711	"Tuple{typeof(Base.setindex!), Base.Dict{DataType, Int64}, Int64, Type{UInt64}}"
322760	"Tuple{typeof(Base.setindex!), Base.Dict{DataType, Int64}, Int64, Type{UInt8}}"
324953	"Tuple{typeof(Base.setindex!), Base.Dict{DataType, Int64}, Int64, Type{UInt32}}"
325839	"Tuple{typeof(Base.setindex!), Base.Dict{DataType, Int64}, Int64, Type{Int64}}"
297352	"Tuple{typeof(Base.setindex!), Base.Dict{DataType, Int64}, Int64, Type{UInt16}}"
328563	"Tuple{typeof(Base.setindex!), Base.Dict{DataType, Int64}, Int64, Type{Float64}}"
293755	"Tuple{typeof(Base.setindex!), Base.Dict{DataType, Int64}, Int64, Type{Int32}}"
274097	"Tuple{typeof(Base.setindex!), Base.Dict{DataType, Int64}, Int64, Type{Int16}}"
327080	"Tuple{typeof(Base.setindex!), Base.Dict{DataType, Int64}, Int64, Type{Float32}}"
323862	"Tuple{typeof(Base.setindex!), Base.Dict{DataType, Int64}, Int64, Type{String}}"
317714	"Tuple{typeof(Base.setindex!), Base.Dict{DataType, Int64}, Int64, Type{Int8}}"
100063	"Tuple{typeof(Base.sprint), Function, Symbol}"
348516	"Tuple{getfield(Base, Symbol("##sprint#325")), Nothing, Int64, Function, Function, Symbol}"
235554	"Tuple{typeof(Base.show_unquoted), Base.GenericIOBuffer{Array{UInt8, 1}}, Symbol}"
80875	"Tuple{getfield(Base, Symbol("#@ccallable")), LineNumberNode, Module, Any}"
326030	"Tuple{typeof(Base.expand_ccallable), Nothing, Expr}"
80962	"Tuple{typeof(Base.map), Function, Array{Any, 1}}"
96644	"Tuple{Type{Base.Generator{I, F} where F where I}, getfield(Base, Symbol("##248#249")), Array{Any, 1}}"
341976	"Tuple{typeof(Base._similar_for), Array{Any, 1}, DataType, Base.Generator{Array{Any, 1}, getfield(Base, Symbol("##248#249"))}, Base.HasShape{1}}"
51152	"Tuple{typeof(Base._collect), Array{Any, 1}, Base.Generator{Array{Any, 1}, getfield(Base, Symbol("##248#249"))}, Base.EltypeUnknown, Base.HasShape{1}}"
17602	"Tuple{typeof(Base.collect_similar), Array{Any, 1}, Base.Generator{Array{Any, 1}, getfield(Base, Symbol("##248#249"))}}"
78057	"Tuple{getfield(Base, Symbol("##248#249")), Expr}"
459726	"Tuple{typeof(Base.collect_to!), Array{Expr, 1}, Base.Generator{Array{Any, 1}, getfield(Base, Symbol("##248#249"))}, Int64, Int64}"
26292	"Tuple{typeof(Base.collect_to_with_first!), Array{Expr, 1}, Expr, Base.Generator{Array{Any, 1}, getfield(Base, Symbol("##248#249"))}, Int64}"
92985	"Tuple{typeof(Base.map), Function, Array{Expr, 1}}"
60211	"Tuple{Type{Base.Generator{I, F} where F where I}, typeof(Base.esc), Array{Expr, 1}}"
668257	"Tuple{typeof(Base.collect_to!), Array{Expr, 1}, Base.Generator{Array{Expr, 1}, typeof(Base.esc)}, Int64, Int64}"
49374	"Tuple{typeof(Base._collect), Array{Expr, 1}, Base.Generator{Array{Expr, 1}, typeof(Base.esc)}, Base.EltypeUnknown, Base.HasShape{1}}"
23756	"Tuple{typeof(Base.collect_similar), Array{Expr, 1}, Base.Generator{Array{Expr, 1}, typeof(Base.esc)}}"
299706	"Tuple{typeof(Base.ccallable), Function, Type{T} where T, Type{T} where T, String}"
103877	"Tuple{typeof(fluxes.julia_main), Array{String, 1}}"
63152	"Tuple{typeof(Compat.Sys.__init__)}"
4261690	"Tuple{typeof(Base.string), Base.SubString{String}, String}"
527476	"Tuple{typeof(Base.vect), Base.Pair{String, String}}"
334784	"Tuple{typeof(Base.vect), Int64}"
225642	"Tuple{typeof(Base.throw_boundserror), Base.Broadcast.Broadcasted{Nothing, Tuple{Base.OneTo{Int64}}, Type{Float32}, Tuple{Base.Broadcast.Extruded{Array{Int64, 1}, Tuple{Bool}, Tuple{Int64}}}}, Tuple{Int64}}"
541699	"Tuple{typeof(fluxes.eddy_flux), String}"
121133	"Tuple{Type{NCDatasets.Dataset}, String, String}"
660184	"Tuple{typeof(Base.vect), Bool}"
704991	"Tuple{typeof(NCDatasets.nc_open), String, UInt16}"
646978	"Tuple{typeof(NCDatasets.nc_create), String, UInt16}"
125685	"Tuple{getfield(NCDatasets, Symbol("##Dataset#22")), Symbol, Array{Any, 1}, Type{T} where T, String, String}"
1011095	"Tuple{typeof(NCDatasets.nc_inq_varid), Int32, String}"
671316	"Tuple{typeof(NCDatasets.nc_inq_varndims), Int32, Int32}"
635558	"Tuple{typeof(Base.ht_keyindex), Base.Dict{Int64, DataType}, Int32}"
230846	"Tuple{typeof(NCDatasets.nc_inq_var), Int32, Int32}"
307839	"Tuple{typeof(NCDatasets.nc_inq_dimlen), Int32, Int32}"
519419	"Tuple{typeof(Base.reverse), Array{Int32, 1}, Int64, Int64}"
61532	"Tuple{typeof(NCDatasets.variable), NCDatasets.Dataset, String}"
137316	"Tuple{typeof(Base.getindex), NCDatasets.Dataset, String}"
128901	"Tuple{Type{NCDatasets.Variable{Float32, 4}}, Int32, Int32, Tuple{Int32, Int32, Int32, Int32}, NCDatasets.Attributes, Array{Bool, 1}}"
82402	"Tuple{Type{NCDatasets.CFVariable{Union{Base.Missing, Float64}, 4, NCDatasets.Variable{Float32, 4}, NCDatasets.Attributes}}, NCDatasets.Variable{Float32, 4}, NCDatasets.Attributes}"
611422	"Tuple{typeof(NCDatasets.nc_inq_dimname), Int32, Int32}"
92391	"Tuple{typeof(NCDatasets.dimnames), NCDatasets.CFVariable{Union{Base.Missing, Float64}, 4, NCDatasets.Variable{Float32, 4}, NCDatasets.Attributes}}"
119223	"Tuple{Type{NCDatasets.Variable{Float32, 1}}, Int32, Int32, Tuple{Int32}, NCDatasets.Attributes, Array{Bool, 1}}"
61653	"Tuple{Type{NCDatasets.CFVariable{Union{Base.Missing, Float64}, 1, NCDatasets.Variable{Float32, 1}, NCDatasets.Attributes}}, NCDatasets.Variable{Float32, 1}, NCDatasets.Attributes}"
90468	"Tuple{typeof(Core.Compiler.getindex), Tuple{typeof(Base.:(==))}, Int64}"
157627	"Tuple{typeof(Core.Compiler.getindex), Tuple{Base.Broadcast.DefaultArrayStyle{0}, typeof(Base.identity), Bool}, Int64}"
93861	"Tuple{typeof(Core.Compiler.getindex), Tuple{typeof(Base.unsafe_string)}, Int64}"
529705	"Tuple{typeof(NCDatasets.nc_inq_varnatts), Int32, Int32}"
397357	"Tuple{typeof(NCDatasets.nc_inq_attname), Int32, Int32, Int64}"
54799	"Tuple{typeof(NCDatasets.listAtt), Int32, Int32}"
1982135	"Tuple{typeof(NCDatasets.nc_inq_att), Int32, Int32, String}"
1428640	"Tuple{typeof(Base.copy_to_bitarray_chunks!), Array{UInt64, 1}, Int64, Array{Bool, 1}, Int64, Int64}"
101927	"Tuple{typeof(Base.throw_boundserror), Base.Broadcast.Broadcasted{Nothing, Tuple{Base.OneTo{Int64}}, typeof(Base.:(==)), Tuple{Base.Broadcast.Extruded{Array{UInt8, 1}, Tuple{Bool}, Tuple{Int64}}, Int64}}, Tuple{Int64}}"
657091	"Tuple{typeof(Base.throw_boundserror), Base.SubArray{Bool, 1, Array{Bool, 1}, Tuple{Base.UnitRange{Int64}}, true}, Tuple{Int64}}"
240151	"Tuple{typeof(Base.throw_boundserror), Array{Bool, 1}, Tuple{Base.UnitRange{Int64}}}"
634321	"Tuple{typeof(Base.throw_boundserror), Base.Broadcast.Broadcasted{Nothing, Tuple{Base.OneTo{Int64}}, typeof(Base.unsafe_string), Tuple{Base.Broadcast.Extruded{Array{Ptr{UInt8}, 1}, Tuple{Bool}, Tuple{Int64}}}}, Tuple{Int64}}"
681517	"Tuple{typeof(NCDatasets.nc_get_att), Int32, Int32, String}"
50303	"Tuple{typeof(Base.iterate), NCDatasets.Attributes, Array{String, 1}}"
61039	"Tuple{typeof(Base.grow_to!), Base.Dict{Any, Any}, NCDatasets.Attributes}"
222141	"Tuple{typeof(Base._all), getfield(Base, Symbol("##220#222")), NCDatasets.Attributes, Base.Colon}"
30718	"Tuple{Type{Base.Dict{K, V} where V where K}, NCDatasets.Attributes}"
71435	"Tuple{typeof(Base.empty), Base.Dict{Any, Any}, Type{String}, Type{String}}"
196291	"Tuple{typeof(Base.grow_to!), Base.Dict{String, String}, NCDatasets.Attributes, Array{String, 1}}"
79849	"Tuple{typeof(Core.Compiler.getindex), Tuple{Base.Colon}, Int64}"
104890	"Tuple{typeof(Core.Compiler.getindex), Tuple{typeof(Base.isnan)}, Int64}"
95318	"Tuple{typeof(Core.Compiler._typename), DataType}"
77119	"Tuple{typeof(Core.Compiler.getindex), Tuple{Base.Val{2}}, Int64}"
144779	"Tuple{typeof(Core.Compiler.getindex), Tuple{typeof(Base.:(*)), Int64}, Int64}"
1164833	"Tuple{typeof(Base.getindex), NCDatasets.Variable{Float32, 1}, Base.Colon}"
294188	"Tuple{typeof(Base.throw_boundserror), Base.Broadcast.Broadcasted{Nothing, Tuple{Base.OneTo{Int64}}, typeof(Base.isnan), Tuple{Base.Broadcast.Extruded{Array{Float32, 1}, Tuple{Bool}, Tuple{Int64}}}}, Tuple{Int64}}"
635126	"Tuple{typeof(Base.fill!), Array{UInt64, 1}, Int64}"
114812	"Tuple{typeof(Base.getindex), NCDatasets.CFVariable{Union{Base.Missing, Float64}, 1, NCDatasets.Variable{Float32, 1}, NCDatasets.Attributes}, Base.Colon}"
100079	"Tuple{typeof(Base.occursin), String, String}"
505288	"Tuple{typeof(Base.copyto!), Base.IndexLinear, Array{Union{Base.Missing, Float32}, 1}, Base.IndexLinear, Array{Float32, 1}}"
30178	"Tuple{Type{Array{Union{Base.Missing, Float32}, N} where N}, Array{Float32, 1}}"
1276283	"Tuple{typeof(Base.unalias), Array{Int64, 1}, Base.LogicalIndex{Int64, Base.BitArray{1}}}"
166954	"Tuple{typeof(Base.error_if_canonical_getindex), Base.IndexCartesian, Base.LogicalIndex{Int64, Base.BitArray{1}}, Int64}"
82317	"Tuple{typeof(Base.copyto!), Array{Int64, 1}, Base.LogicalIndex{Int64, Base.BitArray{1}}}"
38388	"Tuple{typeof(Base.copymutable), Base.LogicalIndex{Int64, Base.BitArray{1}}}"
22051	"Tuple{typeof(Base.copy), Base.LogicalIndex{Int64, Base.BitArray{1}}}"
156368	"Tuple{typeof(Base._unaliascopy), Base.LogicalIndex{Int64, Base.BitArray{1}}, Array{Int64, 1}}"
32702	"Tuple{typeof(Base.unaliascopy), Base.LogicalIndex{Int64, Base.BitArray{1}}}"
995930	"Tuple{typeof(Base.collect_to!), Array{Int64, 1}, Base.Generator{Base.LogicalIndex{Int64, Base.BitArray{1}}, getfield(Base, Symbol("##373#374"))}, Int64, Tuple{Int64, UInt64}}"
163504	"Tuple{typeof(Base.collect), Base.Generator{Base.LogicalIndex{Int64, Base.BitArray{1}}, getfield(Base, Symbol("##373#374"))}}"
115932	"Tuple{typeof(Base.throw_boundserror), Array{Union{Base.Missing, Float32}, 1}, Tuple{Base.LogicalIndex{Int64, Base.BitArray{1}}}}"
81629	"Tuple{typeof(Base.Broadcast.dotview), Array{Union{Base.Missing, Float32}, 1}, Base.BitArray{1}}"
360758	"Tuple{typeof(Base.throw_boundserror), Base.SubArray{Union{Base.Missing, Float32}, 1, Array{Union{Base.Missing, Float32}, 1}, Tuple{Array{Int64, 1}}, false}, Tuple{Int64}}"
47186	"Tuple{typeof(Base.Broadcast.materialize!), Base.SubArray{Union{Base.Missing, Float32}, 1, Array{Union{Base.Missing, Float32}, 1}, Tuple{Array{Int64, 1}}, false}, Base.Broadcast.Broadcasted{Base.Broadcast.DefaultArrayStyle{0}, Nothing, typeof(Base.identity), Tuple{Base.RefValue{Base.Missing}}}}"
109962	"Tuple{typeof(Core.Compiler.getindex), Tuple{typeof(Base.ismissing)}, Int64}"
112790	"Tuple{typeof(Core.Compiler.getindex), Tuple{Base.Pair{Base.Missing, Base.Missing}}, Int64}"
61256	"Tuple{typeof(Core.Compiler.getindex), Tuple{Union}, Int64}"
132584	"Tuple{typeof(Core.Compiler.getindex), Tuple{Base.Pair{Base.Missing, Base.Missing}, Int64}, Int64}"
1090359	"Tuple{typeof(Base.throw_boundserror), Base.Broadcast.Broadcasted{Nothing, Tuple{Base.OneTo{Int64}}, typeof(Base.ismissing), Tuple{Base.Broadcast.Extruded{Array{Union{Base.Missing, Float32}, 1}, Tuple{Bool}, Tuple{Int64}}}}, Tuple{Int64}}"
594626	"Tuple{typeof(Base.copyto!), Base.IndexLinear, Array{Float32, 1}, Base.IndexLinear, Array{Any, 1}}"
622625	"Tuple{typeof(Base._replace!), getfield(Base, Symbol("#new#230")){Tuple{Base.Pair{Base.Missing, Base.Missing}}}, Array{Union{Base.Missing, Float32}, 1}, Array{Union{Base.Missing, Float32}, 1}, Int64}"
521746	"Tuple{typeof(Base.setindex!), Array{Float32, 1}, Base.Missing, Int64}"
72587	"Tuple{typeof(Base._replace!), getfield(Base, Symbol("#new#230")){Tuple{Base.Pair{Base.Missing, Float32}}}, Array{Float32, 1}, Array{Union{Base.Missing, Float32}, 1}, Int64}"
257575	"Tuple{typeof(NCDatasets.nomissing), Array{Union{Base.Missing, Float32}, 1}}"
89628	"Tuple{typeof(Core.Compiler.getindex), Tuple{typeof(Base.strip)}, Int64}"
93459	"Tuple{typeof(Core.Compiler.getindex), Tuple{typeof(Base.parse), DataType}, Int64}"
85807	"Tuple{typeof(NCDatasets.timedecode), Array{Float32, 1}, String, String}"
1335350	"Tuple{typeof(NCDatasets.timetype), String}"
142847	"Tuple{getfield(NCDatasets, Symbol("##timedecode#2")), Bool, Function, Array{Float32, 1}, String, String}"
657753	"Tuple{typeof(Base.throw_boundserror), Base.Broadcast.Broadcasted{Nothing, Tuple{Base.OneTo{Int64}}, Type{Float64}, Tuple{Base.Broadcast.Extruded{Array{Float32, 1}, Tuple{Bool}, Tuple{Int64}}}}, Tuple{Int64}}"
3136600	"Tuple{typeof(Base.rstrip), typeof(Base.Unicode.isspace), Base.SubString{String}}"
141026	"Tuple{typeof(Base.throw_boundserror), Base.Broadcast.Broadcasted{Nothing, Tuple{Base.OneTo{Int64}}, typeof(Base.strip), Tuple{Base.Broadcast.Extruded{Array{Base.SubString{String}, 1}, Tuple{Bool}, Tuple{Int64}}}}, Tuple{Int64}}"
3850554	"Tuple{typeof(Base.endswith), String, String}"
450541	"Tuple{typeof(Base.throw_boundserror), Base.Broadcast.Broadcasted{Nothing, Tuple{Base.OneTo{Int64}}, typeof(Base.parse), Tuple{Base.RefValue{Type{Int64}}, Base.Broadcast.Extruded{Array{Base.SubString{String}, 1}, Tuple{Bool}, Tuple{Int64}}}}, Tuple{Int64}}"
1040817	"Tuple{typeof(NCDatasets.datenum_cal), Tuple{Int64, Int64, Int64, Int64, Int64, Int64, Int64, Int64, Int64, Int64, Int64, Int64, Int64}, Int64, Int64, Int64}"
616508	"Tuple{typeof(NCDatasets.parseDT), Type{NCDatasets.DateTime360Day}, Base.SubString{String}}"
848638	"Tuple{typeof(NCDatasets.timeunits), Type{NCDatasets.DateTime360Day}, String}"
328058	"Tuple{typeof(Base.throw_boundserror), Base.Broadcast.Broadcasted{Nothing, Tuple{Base.OneTo{Int64}}, getfield(NCDatasets, Symbol("#convert#1")){NCDatasets.DateTime360Day, Int64}, Tuple{Base.Broadcast.Extruded{Array{Float64, 1}, Tuple{Bool}, Tuple{Int64}}}}, Tuple{Int64}}"
176947	"Tuple{typeof(NCDatasets.timedecode), Type{NCDatasets.DateTime360Day}, Array{Float64, 1}, String}"
140285	"Tuple{typeof(NCDatasets.timedecode), Type{NCDatasets.DateTime360Day}, Array{Float32, 1}, String}"
1318910	"Tuple{getfield(Base, Symbol("##replace#323")), Int64, Function, String, Base.Pair{String, String}}"
178121	"Tuple{getfield(Base, Symbol("##parse#333")), Nothing, Function, Type{Int64}, Base.SubString{String}}"
366763	"Tuple{typeof(Base.vect), Type{NCDatasets.DateTimeStandard}, Vararg{DataType, N} where N}"
529303	"Tuple{typeof(Base.copyto!), Base.IndexLinear, Array{Union{Base.Missing, NCDatasets.DateTime360Day}, 1}, Base.IndexLinear, Array{NCDatasets.DateTime360Day, 1}}"
62346	"Tuple{Type{Array{Union{Base.Missing, NCDatasets.DateTime360Day}, N} where N}, Array{NCDatasets.DateTime360Day, 1}}"
488088	"Tuple{typeof(Base.throw_boundserror), Array{Union{Base.Missing, NCDatasets.DateTime360Day}, 1}, Tuple{Base.LogicalIndex{Int64, Base.BitArray{1}}}}"
64035	"Tuple{typeof(Base.Broadcast.dotview), Array{Union{Base.Missing, NCDatasets.DateTime360Day}, 1}, Base.BitArray{1}}"
366037	"Tuple{typeof(Base.throw_boundserror), Base.SubArray{Union{Base.Missing, NCDatasets.DateTime360Day}, 1, Array{Union{Base.Missing, NCDatasets.DateTime360Day}, 1}, Tuple{Array{Int64, 1}}, false}, Tuple{Int64}}"
49022	"Tuple{typeof(Base.Broadcast.materialize!), Base.SubArray{Union{Base.Missing, NCDatasets.DateTime360Day}, 1, Array{Union{Base.Missing, NCDatasets.DateTime360Day}, 1}, Tuple{Array{Int64, 1}}, false}, Base.Broadcast.Broadcasted{Base.Broadcast.DefaultArrayStyle{0}, Nothing, typeof(Base.identity), Tuple{Base.RefValue{Base.Missing}}}}"
542374	"Tuple{typeof(Base.ht_keyindex), Base.Dict{String, String}, String}"
43953	"Tuple{typeof(Base.getindex), Base.Dict{String, String}, String}"
210513	"Tuple{typeof(NCDatasets.timeencode), Array{Union{Base.Missing, NCDatasets.DateTime360Day}, 1}, String, String}"
71359	"Tuple{Type{Base.Broadcast.Broadcasted{Base.Broadcast.DefaultArrayStyle{1}, Axes, F, Args} where Args<:Tuple where F where Axes}, getfield(NCDatasets, Symbol("#encode#3")){Union{Base.Missing, NCDatasets.DateTime360Day}, DataType, NCDatasets.DateTime360Day, Int64}, Tuple{Array{Union{Base.Missing, NCDatasets.DateTime360Day}, 1}}}"
792265	"Tuple{getfield(NCDatasets, Symbol("#encode#3")){Union{Base.Missing, NCDatasets.DateTime360Day}, DataType, NCDatasets.DateTime360Day, Int64}, NCDatasets.DateTime360Day}"
215736	"Tuple{typeof(Base.throw_boundserror), Base.Broadcast.Broadcasted{Base.Broadcast.DefaultArrayStyle{1}, Tuple{Base.OneTo{Int64}}, getfield(NCDatasets, Symbol("#encode#3")){Union{Base.Missing, NCDatasets.DateTime360Day}, DataType, NCDatasets.DateTime360Day, Int64}, Tuple{Base.Broadcast.Extruded{Array{Union{Base.Missing, NCDatasets.DateTime360Day}, 1}, Tuple{Bool}, Tuple{Int64}}}}, Tuple{Int64}}"
69214	"Tuple{typeof(Base.Broadcast.materialize), Base.Broadcast.Broadcasted{Base.Broadcast.DefaultArrayStyle{1}, Nothing, getfield(NCDatasets, Symbol("#encode#3")){Union{Base.Missing, NCDatasets.DateTime360Day}, DataType, NCDatasets.DateTime360Day, Int64}, Tuple{Array{Union{Base.Missing, NCDatasets.DateTime360Day}, 1}}}}"
133060	"Tuple{typeof(Base.Broadcast.broadcasted), Function, Type{T} where T, NCDatasets.DateTime360Day}"
63801	"Tuple{typeof(Base.Broadcast.broadcastable), Type{NCDatasets.DateTime360Day}}"
82545	"Tuple{typeof(Base.Broadcast.broadcasted), Base.Broadcast.DefaultArrayStyle{0}, Function, Base.RefValue{Type{NCDatasets.DateTime360Day}}, Base.RefValue{NCDatasets.DateTime360Day}}"
75191	"Tuple{Type{Base.Broadcast.Broadcasted{Base.Broadcast.DefaultArrayStyle{0}, Axes, F, Args} where Args<:Tuple where F where Axes}, typeof(Base.convert), Tuple{Base.RefValue{Type{NCDatasets.DateTime360Day}}, Base.RefValue{NCDatasets.DateTime360Day}}}"
85814	"Tuple{typeof(Core.Compiler.getindex), Tuple{Base.IteratorsMD.CartesianIndex{0}}, Int64}"
64044	"Tuple{typeof(Core.Compiler.getindex), Tuple{typeof(Base.convert), DataType}, Int64}"
116428	"Tuple{typeof(Base.Broadcast.materialize), Base.Broadcast.Broadcasted{Base.Broadcast.DefaultArrayStyle{0}, Nothing, typeof(Base.convert), Tuple{Base.RefValue{Type{NCDatasets.DateTime360Day}}, Base.RefValue{NCDatasets.DateTime360Day}}}}"
50266	"Tuple{typeof(Dates.value), Dates.Millisecond}"
133684	"Tuple{typeof(Base.similar), Base.Broadcast.Broadcasted{Base.Broadcast.DefaultArrayStyle{1}, Tuple{Base.OneTo{Int64}}, getfield(NCDatasets, Symbol("#encode#3")){Union{Base.Missing, NCDatasets.DateTime360Day}, DataType, NCDatasets.DateTime360Day, Int64}, Tuple{Base.Broadcast.Extruded{Array{Union{Base.Missing, NCDatasets.DateTime360Day}, 1}, Tuple{Bool}, Tuple{Int64}}}}, Type{Float64}}"
87076	"Tuple{typeof(Base.setindex!), Array{Float64, 1}, Float64, Int64}"
581843	"Tuple{typeof(Base.Broadcast.copyto_nonleaf!), Array{Float64, 1}, Base.Broadcast.Broadcasted{Base.Broadcast.DefaultArrayStyle{1}, Tuple{Base.OneTo{Int64}}, getfield(NCDatasets, Symbol("#encode#3")){Union{Base.Missing, NCDatasets.DateTime360Day}, DataType, NCDatasets.DateTime360Day, Int64}, Tuple{Base.Broadcast.Extruded{Array{Union{Base.Missing, NCDatasets.DateTime360Day}, 1}, Tuple{Bool}, Tuple{Int64}}}}, Base.OneTo{Int64}, Int64, Int64}"
143949	"Tuple{getfield(Base, Symbol("##s571#407")), Any, Any, Any, Any, Any}"
255115	"Tuple{getfield(Base.Cartesian, Symbol("#@nexprs")), LineNumberNode, Module, Int64, Expr}"
507762	"Tuple{typeof(Base.ht_keyindex), Base.Dict{Symbol, Function}, Symbol}"
25289	"Tuple{typeof(Base.haskey), Base.Dict{Symbol, Function}, Symbol}"
388711	"Tuple{typeof(Base.getindex), Tuple{Symbol}, Base.UnitRange{Int64}}"
82130	"Tuple{typeof(Base.getindex), Tuple{Symbol}, Int64}"
1781299	"Tuple{typeof(Base.getindex), NCDatasets.Variable{Float32, 4}, Base.Colon}"
5149689	"Tuple{Type{Base.BitArray{4}}, UndefInitializer, Int64, Int64, Int64, Int64}"
360767	"Tuple{typeof(Base.throw_boundserror), Base.Broadcast.Broadcasted{Nothing, Tuple{Base.OneTo{Int64}, Base.OneTo{Int64}, Base.OneTo{Int64}, Base.OneTo{Int64}}, typeof(Base.isnan), Tuple{Base.Broadcast.Extruded{Array{Float32, 4}, Tuple{Bool, Bool, Bool, Bool}, Tuple{Int64, Int64, Int64, Int64}}}}, Tuple{Base.IteratorsMD.CartesianIndex{4}}}"
597612	"Tuple{typeof(Base.Broadcast.throwdm), Tuple{Base.OneTo{Int64}, Base.OneTo{Int64}, Base.OneTo{Int64}, Base.OneTo{Int64}}, Tuple{Base.OneTo{Int64}, Base.OneTo{Int64}, Base.OneTo{Int64}, Base.OneTo{Int64}}}"
269733	"Tuple{typeof(Base.getindex), NCDatasets.CFVariable{Union{Base.Missing, Float64}, 4, NCDatasets.Variable{Float32, 4}, NCDatasets.Attributes}, Base.Colon}"
653028	"Tuple{typeof(Base.copyto!), Base.IndexLinear, Array{Union{Base.Missing, Float32}, 4}, Base.IndexLinear, Array{Float32, 4}}"
25157	"Tuple{Type{Array{Union{Base.Missing, Float32}, N} where N}, Array{Float32, 4}}"
884362	"Tuple{typeof(Base.unalias), Array{Int64, 1}, Base.LogicalIndex{Int64, Base.BitArray{4}}}"
79543	"Tuple{typeof(Base.error_if_canonical_getindex), Base.IndexCartesian, Base.LogicalIndex{Int64, Base.BitArray{4}}, Int64}"
37908	"Tuple{typeof(Base.copyto!), Array{Int64, 1}, Base.LogicalIndex{Int64, Base.BitArray{4}}}"
17995	"Tuple{typeof(Base.copymutable), Base.LogicalIndex{Int64, Base.BitArray{4}}}"
10143	"Tuple{typeof(Base.copy), Base.LogicalIndex{Int64, Base.BitArray{4}}}"
74615	"Tuple{typeof(Base._unaliascopy), Base.LogicalIndex{Int64, Base.BitArray{4}}, Array{Int64, 1}}"
14626	"Tuple{typeof(Base.unaliascopy), Base.LogicalIndex{Int64, Base.BitArray{4}}}"
160489	"Tuple{typeof(Base._throw_dmrsa), Tuple{Int64}, Int64}"
577070	"Tuple{typeof(Base.collect_to!), Array{Int64, 1}, Base.Generator{Base.LogicalIndex{Int64, Base.BitArray{4}}, getfield(Base, Symbol("##373#374"))}, Int64, Tuple{Int64, UInt64}}"
116220	"Tuple{typeof(Base.collect), Base.Generator{Base.LogicalIndex{Int64, Base.BitArray{4}}, getfield(Base, Symbol("##373#374"))}}"
72322	"Tuple{typeof(Base.throw_boundserror), Array{Union{Base.Missing, Float32}, 4}, Tuple{Base.LogicalIndex{Int64, Base.BitArray{4}}}}"
88076	"Tuple{typeof(Base.Broadcast.dotview), Array{Union{Base.Missing, Float32}, 4}, Base.BitArray{4}}"
260319	"Tuple{typeof(Base.close), NCDatasets.Dataset}"
97154	"Tuple{typeof(Core.Compiler.getindex), Tuple{Float32, Float32}, Int64}"
125253	"Tuple{typeof(Core.Compiler.getindex), Tuple{Float32, Int64}, Int64}"
1834814	"Tuple{typeof(Base.mapreduce_impl), getfield(Statistics, Symbol("##2#3")), typeof(Base.add_sum), Array{Union{Base.Missing, Float32}, 4}, Int64, Int64, Int64}"
91601	"Tuple{typeof(Base._mapreduce), getfield(Statistics, Symbol("##2#3")), typeof(Base.add_sum), Base.IndexLinear, Array{Union{Base.Missing, Float32}, 4}}"
85704	"Tuple{typeof(Base._reducedim_init), getfield(Statistics, Symbol("##2#3")), typeof(Base.:(+)), typeof(Base.zero), typeof(Base.sum), Array{Union{Base.Missing, Float32}, 4}, Int64}"
26725	"Tuple{typeof(Statistics._mean), Array{Union{Base.Missing, Float32}, 4}, Int64}"
17242	"Tuple{getfield(Statistics, Symbol("#kw##mean")), NamedTuple{(:dims,), Tuple{Int64}}, typeof(Statistics.mean), Array{Union{Base.Missing, Float32}, 4}}"
874740	"Tuple{typeof(Base.reduced_indices), Tuple{Base.OneTo{Int64}, Base.OneTo{Int64}, Base.OneTo{Int64}, Base.OneTo{Int64}}, Int64}"
204606	"Tuple{typeof(Base.fill!), Array{Union{Base.Missing, Float32}, 4}, Float32}"
21640	"Tuple{typeof(Base.reducedim_initarray), Array{Union{Base.Missing, Float32}, 4}, Int64, Float32, Type{Union{Base.Missing, Float32}}}"
2289362	"Tuple{typeof(Base.check_reducedims), Array{Union{Base.Missing, Float32}, 4}, Array{Union{Base.Missing, Float32}, 4}}"
901176	"Tuple{typeof(Base.mapreduce_impl), typeof(Base.identity), typeof(Base.add_sum), Array{Union{Base.Missing, Float32}, 4}, Int64, Int64, Int64}"
884033	"Tuple{typeof(Base._mapreducedim!), typeof(Base.identity), typeof(Base.add_sum), Array{Union{Base.Missing, Float32}, 4}, Array{Union{Base.Missing, Float32}, 4}}"
378001	"Tuple{typeof(Base.divgcd), Int64, Int64}"
466034	"Tuple{typeof(Base.throw_boundserror), Base.Broadcast.Broadcasted{Nothing, Tuple{Base.OneTo{Int64}, Base.OneTo{Int64}, Base.OneTo{Int64}, Base.OneTo{Int64}}, typeof(Base.:(*)), Tuple{Base.Broadcast.Extruded{Array{Union{Base.Missing, Float32}, 4}, Tuple{Bool, Bool, Bool, Bool}, Tuple{Int64, Int64, Int64, Int64}}, Base.Rational{Int64}}}, Tuple{Base.IteratorsMD.CartesianIndex{4}}}"
418497	"Tuple{typeof(Statistics.mean!), Array{Union{Base.Missing, Float32}, 4}, Array{Union{Base.Missing, Float32}, 4}}"
122127	"Tuple{typeof(Base.Broadcast.broadcasted), Function, Array{Union{Base.Missing, Float32}, 4}, Array{Union{Base.Missing, Float32}, 4}}"
71847	"Tuple{Type{Base.Broadcast.Broadcasted{Base.Broadcast.DefaultArrayStyle{4}, Axes, F, Args} where Args<:Tuple where F where Axes}, typeof(Base.:(-)), Tuple{Array{Union{Base.Missing, Float32}, 4}, Array{Union{Base.Missing, Float32}, 4}}}"
92050	"Tuple{typeof(Base.Broadcast.broadcasted), Function, Base.Broadcast.Broadcasted{Base.Broadcast.DefaultArrayStyle{4}, Nothing, typeof(Base.:(-)), Tuple{Array{Union{Base.Missing, Float32}, 4}, Array{Union{Base.Missing, Float32}, 4}}}, Base.Broadcast.Broadcasted{Base.Broadcast.DefaultArrayStyle{4}, Nothing, typeof(Base.:(-)), Tuple{Array{Union{Base.Missing, Float32}, 4}, Array{Union{Base.Missing, Float32}, 4}}}}"
106022	"Tuple{Type{Base.Broadcast.Broadcasted{Base.Broadcast.DefaultArrayStyle{4}, Axes, F, Args} where Args<:Tuple where F where Axes}, typeof(Base.:(*)), Tuple{Base.Broadcast.Broadcasted{Base.Broadcast.DefaultArrayStyle{4}, Nothing, typeof(Base.:(-)), Tuple{Array{Union{Base.Missing, Float32}, 4}, Array{Union{Base.Missing, Float32}, 4}}}, Base.Broadcast.Broadcasted{Base.Broadcast.DefaultArrayStyle{4}, Nothing, typeof(Base.:(-)), Tuple{Array{Union{Base.Missing, Float32}, 4}, Array{Union{Base.Missing, Float32}, 4}}}}}"
136502	"Tuple{typeof(Core.Compiler.getindex), Tuple{typeof(Base.:(-))}, Int64}"
66360	"Tuple{typeof(Core.Compiler.getindex), Tuple{Base.Missing, Base.Missing}, Int64}"
4797207	"Tuple{typeof(Base.convert), Type{Base.Missing}, Float32}"
1912130	"Tuple{typeof(Base.throw_boundserror), Base.Broadcast.Broadcasted{Base.Broadcast.DefaultArrayStyle{4}, Tuple{Base.OneTo{Int64}, Base.OneTo{Int64}, Base.OneTo{Int64}, Base.OneTo{Int64}}, typeof(Base.:(*)), Tuple{Base.Broadcast.Broadcasted{Base.Broadcast.DefaultArrayStyle{4}, Nothing, typeof(Base.:(-)), Tuple{Base.Broadcast.Extruded{Array{Union{Base.Missing, Float32}, 4}, Tuple{Bool, Bool, Bool, Bool}, Tuple{Int64, Int64, Int64, Int64}}, Base.Broadcast.Extruded{Array{Union{Base.Missing, Float32}, 4}, Tuple{Bool, Bool, Bool, Bool}, Tuple{Int64, Int64, Int64, Int64}}}}, Base.Broadcast.Broadcasted{Base.Broadcast.DefaultArrayStyle{4}, Nothing, typeof(Base.:(-)), Tuple{Base.Broadcast.Extruded{Array{Union{Base.Missing, Float32}, 4}, Tuple{Bool, Bool, Bool, Bool}, Tuple{Int64, Int64, Int64, Int64}}, Base.Broadcast.Extruded{Array{Union{Base.Missing, Float32}, 4}, Tuple{Bool, Bool, Bool, Bool}, Tuple{Int64, Int64, Int64, Int64}}}}}}, Tuple{Base.IteratorsMD.CartesianIndex{4}}}"
463370	"Tuple{typeof(Base.Broadcast.copyto_nonleaf!), Array{Union{Base.Missing, Float32}, 4}, Base.Broadcast.Broadcasted{Base.Broadcast.DefaultArrayStyle{4}, Tuple{Base.OneTo{Int64}, Base.OneTo{Int64}, Base.OneTo{Int64}, Base.OneTo{Int64}}, typeof(Base.:(*)), Tuple{Base.Broadcast.Broadcasted{Base.Broadcast.DefaultArrayStyle{4}, Nothing, typeof(Base.:(-)), Tuple{Base.Broadcast.Extruded{Array{Union{Base.Missing, Float32}, 4}, Tuple{Bool, Bool, Bool, Bool}, Tuple{Int64, Int64, Int64, Int64}}, Base.Broadcast.Extruded{Array{Union{Base.Missing, Float32}, 4}, Tuple{Bool, Bool, Bool, Bool}, Tuple{Int64, Int64, Int64, Int64}}}}, Base.Broadcast.Broadcasted{Base.Broadcast.DefaultArrayStyle{4}, Nothing, typeof(Base.:(-)), Tuple{Base.Broadcast.Extruded{Array{Union{Base.Missing, Float32}, 4}, Tuple{Bool, Bool, Bool, Bool}, Tuple{Int64, Int64, Int64, Int64}}, Base.Broadcast.Extruded{Array{Union{Base.Missing, Float32}, 4}, Tuple{Bool, Bool, Bool, Bool}, Tuple{Int64, Int64, Int64, Int64}}}}}}, Base.IteratorsMD.CartesianIndices{4, Tuple{Base.OneTo{Int64}, Base.OneTo{Int64}, Base.OneTo{Int64}, Base.OneTo{Int64}}}, Base.IteratorsMD.CartesianIndex{4}, Int64}"
1039248	"Tuple{typeof(Base.Broadcast.copyto_nonleaf!), Array{Base.Missing, 4}, Base.Broadcast.Broadcasted{Base.Broadcast.DefaultArrayStyle{4}, Tuple{Base.OneTo{Int64}, Base.OneTo{Int64}, Base.OneTo{Int64}, Base.OneTo{Int64}}, typeof(Base.:(*)), Tuple{Base.Broadcast.Broadcasted{Base.Broadcast.DefaultArrayStyle{4}, Nothing, typeof(Base.:(-)), Tuple{Base.Broadcast.Extruded{Array{Union{Base.Missing, Float32}, 4}, Tuple{Bool, Bool, Bool, Bool}, Tuple{Int64, Int64, Int64, Int64}}, Base.Broadcast.Extruded{Array{Union{Base.Missing, Float32}, 4}, Tuple{Bool, Bool, Bool, Bool}, Tuple{Int64, Int64, Int64, Int64}}}}, Base.Broadcast.Broadcasted{Base.Broadcast.DefaultArrayStyle{4}, Nothing, typeof(Base.:(-)), Tuple{Base.Broadcast.Extruded{Array{Union{Base.Missing, Float32}, 4}, Tuple{Bool, Bool, Bool, Bool}, Tuple{Int64, Int64, Int64, Int64}}, Base.Broadcast.Extruded{Array{Union{Base.Missing, Float32}, 4}, Tuple{Bool, Bool, Bool, Bool}, Tuple{Int64, Int64, Int64, Int64}}}}}}, Base.IteratorsMD.CartesianIndices{4, Tuple{Base.OneTo{Int64}, Base.OneTo{Int64}, Base.OneTo{Int64}, Base.OneTo{Int64}}}, Base.IteratorsMD.CartesianIndex{4}, Int64}"
2654852	"Tuple{typeof(Base.Broadcast.copyto_nonleaf!), Array{Float32, 4}, Base.Broadcast.Broadcasted{Base.Broadcast.DefaultArrayStyle{4}, Tuple{Base.OneTo{Int64}, Base.OneTo{Int64}, Base.OneTo{Int64}, Base.OneTo{Int64}}, typeof(Base.:(*)), Tuple{Base.Broadcast.Broadcasted{Base.Broadcast.DefaultArrayStyle{4}, Nothing, typeof(Base.:(-)), Tuple{Base.Broadcast.Extruded{Array{Union{Base.Missing, Float32}, 4}, Tuple{Bool, Bool, Bool, Bool}, Tuple{Int64, Int64, Int64, Int64}}, Base.Broadcast.Extruded{Array{Union{Base.Missing, Float32}, 4}, Tuple{Bool, Bool, Bool, Bool}, Tuple{Int64, Int64, Int64, Int64}}}}, Base.Broadcast.Broadcasted{Base.Broadcast.DefaultArrayStyle{4}, Nothing, typeof(Base.:(-)), Tuple{Base.Broadcast.Extruded{Array{Union{Base.Missing, Float32}, 4}, Tuple{Bool, Bool, Bool, Bool}, Tuple{Int64, Int64, Int64, Int64}}, Base.Broadcast.Extruded{Array{Union{Base.Missing, Float32}, 4}, Tuple{Bool, Bool, Bool, Bool}, Tuple{Int64, Int64, Int64, Int64}}}}}}, Base.IteratorsMD.CartesianIndices{4, Tuple{Base.OneTo{Int64}, Base.OneTo{Int64}, Base.OneTo{Int64}, Base.OneTo{Int64}}}, Base.IteratorsMD.CartesianIndex{4}, Int64}"
918162	"Tuple{typeof(Base.Broadcast.materialize), Base.Broadcast.Broadcasted{Base.Broadcast.DefaultArrayStyle{4}, Nothing, typeof(Base.:(*)), Tuple{Base.Broadcast.Broadcasted{Base.Broadcast.DefaultArrayStyle{4}, Nothing, typeof(Base.:(-)), Tuple{Array{Union{Base.Missing, Float32}, 4}, Array{Union{Base.Missing, Float32}, 4}}}, Base.Broadcast.Broadcasted{Base.Broadcast.DefaultArrayStyle{4}, Nothing, typeof(Base.:(-)), Tuple{Array{Union{Base.Missing, Float32}, 4}, Array{Union{Base.Missing, Float32}, 4}}}}}}"
181004	"Tuple{typeof(Base.similar), Base.Broadcast.Broadcasted{Base.Broadcast.DefaultArrayStyle{4}, Tuple{Base.OneTo{Int64}, Base.OneTo{Int64}, Base.OneTo{Int64}, Base.OneTo{Int64}}, typeof(Base.:(*)), Tuple{Base.Broadcast.Broadcasted{Base.Broadcast.DefaultArrayStyle{4}, Nothing, typeof(Base.:(-)), Tuple{Base.Broadcast.Extruded{Array{Union{Base.Missing, Float32}, 4}, Tuple{Bool, Bool, Bool, Bool}, Tuple{Int64, Int64, Int64, Int64}}, Base.Broadcast.Extruded{Array{Union{Base.Missing, Float32}, 4}, Tuple{Bool, Bool, Bool, Bool}, Tuple{Int64, Int64, Int64, Int64}}}}, Base.Broadcast.Broadcasted{Base.Broadcast.DefaultArrayStyle{4}, Nothing, typeof(Base.:(-)), Tuple{Base.Broadcast.Extruded{Array{Union{Base.Missing, Float32}, 4}, Tuple{Bool, Bool, Bool, Bool}, Tuple{Int64, Int64, Int64, Int64}}, Base.Broadcast.Extruded{Array{Union{Base.Missing, Float32}, 4}, Tuple{Bool, Bool, Bool, Bool}, Tuple{Int64, Int64, Int64, Int64}}}}}}, Type{Float32}}"
538632	"Tuple{typeof(Base.fill!), Array{Float32, 4}, Float32}"
24025	"Tuple{typeof(Base.reducedim_init), getfield(Statistics, Symbol("##2#3")), typeof(Base.:(+)), Array{Float32, 4}, Int64}"
2357844	"Tuple{typeof(Base.check_reducedims), Array{Float32, 4}, Array{Float32, 4}}"
522080	"Tuple{typeof(Base.mapreduce_impl), typeof(Base.identity), typeof(Base.add_sum), Array{Float32, 4}, Int64, Int64, Int64}"
634808	"Tuple{typeof(Base._mapreducedim!), typeof(Base.identity), typeof(Base.add_sum), Array{Float32, 4}, Array{Float32, 4}}"
429933	"Tuple{typeof(Base.throw_boundserror), Base.Broadcast.Broadcasted{Nothing, Tuple{Base.OneTo{Int64}, Base.OneTo{Int64}, Base.OneTo{Int64}, Base.OneTo{Int64}}, typeof(Base.:(*)), Tuple{Base.Broadcast.Extruded{Array{Float32, 4}, Tuple{Bool, Bool, Bool, Bool}, Tuple{Int64, Int64, Int64, Int64}}, Base.Rational{Int64}}}, Tuple{Base.IteratorsMD.CartesianIndex{4}}}"
320682	"Tuple{typeof(Statistics.mean!), Array{Float32, 4}, Array{Float32, 4}}"
27175	"Tuple{getfield(Statistics, Symbol("#kw##mean")), NamedTuple{(:dims,), Tuple{Int64}}, typeof(Statistics.mean), Array{Float32, 4}}"
177482	"Tuple{getfield(Core, Symbol("#kw#Type")), NamedTuple{(:format,), Tuple{Symbol}}, Type{NCDatasets.Dataset}, String, String}"
115019	"Tuple{getfield(NCDatasets, Symbol("#kw##defVar")), NamedTuple{(:attrib,), Tuple{Array{Base.Pair{String, String}, 1}}}, typeof(NCDatasets.defVar), NCDatasets.Dataset, String, Array{Float32, 1}, Tuple{String}}"
650808	"Tuple{typeof(NCDatasets.nc_inq_ndims), Int32}"
126111	"Tuple{typeof(NCDatasets.nc_inq_dimids), Int32, Bool}"
153545	"Tuple{typeof(Base.keys), NCDatasets.Dimensions}"
879239	"Tuple{typeof(NCDatasets.nc_def_dim), Int32, String, Int64}"
62210	"Tuple{typeof(Base.setindex!), NCDatasets.Dimensions, Int64, String}"
76944	"Tuple{getfield(NCDatasets, Symbol("##defVar#27")), Base.Iterators.Pairs{Symbol, Array{Base.Pair{String, String}, 1}, Tuple{Symbol}, NamedTuple{(:attrib,), Tuple{Array{Base.Pair{String, String}, 1}}}}, Function, NCDatasets.Dataset, String, Array{Float32, 1}, Tuple{String}}"
1187190	"Tuple{Type{Base.Dict{Symbol, Array{Base.Pair{String, String}, 1}}}}"
2032945	"Tuple{typeof(Base.rehash!), Base.Dict{Symbol, Array{Base.Pair{String, String}, 1}}, Int64}"
89171	"Tuple{typeof(Base.ht_keyindex2!), Base.Dict{Symbol, Array{Base.Pair{String, String}, 1}}, Symbol}"
153701	"Tuple{typeof(Base.setindex!), Base.Dict{Symbol, Array{Base.Pair{String, String}, 1}}, Array{Base.Pair{String, String}, 1}, Symbol}"
235480	"Tuple{Type{Base.Dict{K, V} where V where K}, Base.Generator{Base.Iterators.Pairs{Symbol, Array{Base.Pair{String, String}, 1}, Tuple{Symbol}, NamedTuple{(:attrib,), Tuple{Array{Base.Pair{String, String}, 1}}}}, getfield(NCDatasets, Symbol("##25#26"))}}"
486190	"Tuple{typeof(Base.collect), Base.Generator{Base.StepRange{Int64, Int64}, getfield(Base, Symbol("##23#24")){Tuple{String}}}}"
463418	"Tuple{typeof(NCDatasets.nc_inq_dimid), Int32, String}"
352840	"Tuple{typeof(Base.ht_keyindex), Base.Dict{Symbol, Array{Base.Pair{String, String}, 1}}, Symbol}"
131639	"Tuple{typeof(NCDatasets.nc_def_vlen), Int32, Array{Base.Pair{String, String}, 1}, Int64}"
327622	"Tuple{typeof(Base.ht_keyindex), Base.Dict{DataType, Int64}, DataType}"
484357	"Tuple{typeof(NCDatasets.nc_def_var), Int32, String, Int64, Array{Int32, 1}}"
517912	"Tuple{typeof(Base.reverse), Array{Base.Pair{String, String}, 1}, Int64, Int64}"
396675	"Tuple{typeof(Base.ht_keyindex), Base.Dict{Symbol, Int32}, Symbol}"
111921	"Tuple{typeof(NCDatasets.nc_def_var_chunking), Int32, Int32, Symbol, Array{Base.Pair{String, String}, 1}}"
1425062	"Tuple{typeof(Base.hash), Base.Pair{String, String}, UInt64}"
428212	"Tuple{typeof(Base.isequal), Base.Pair{String, String}, Base.Pair{String, String}}"
107714	"Tuple{typeof(Base.hash), Array{Base.Pair{String, String}, 1}, UInt64}"
168540	"Tuple{typeof(NCDatasets.nc_def_var_fletcher32), Int32, Int32, Array{Base.Pair{String, String}, 1}}"
1019669	"Tuple{typeof(NCDatasets.nc_put_att), Int32, Int32, String, String}"
72091	"Tuple{typeof(Base.setindex!), NCDatasets.Attributes, String, String}"
506384	"Tuple{getfield(NCDatasets, Symbol("##defVar#24")), Base.Iterators.Pairs{Symbol, Array{Base.Pair{String, String}, 1}, Tuple{Symbol}, NamedTuple{(:attrib,), Tuple{Array{Base.Pair{String, String}, 1}}}}, Function, NCDatasets.Dataset, String, DataType, Tuple{String}}"
616743	"Tuple{typeof(Base.setindex!), NCDatasets.CFVariable{Union{Base.Missing, Float64}, 1, NCDatasets.Variable{Float32, 1}, NCDatasets.Attributes}, Array{Float32, 1}, Base.Colon}"
90511	"Tuple{typeof(Core.Compiler.getindex), Tuple{Nothing, Nothing}, Int64}"
75367	"Tuple{typeof(Core.Compiler.getindex), Tuple{typeof(NCDatasets.transform)}, Int64}"
653745	"Tuple{typeof(Base.throw_boundserror), Base.Broadcast.Broadcasted{Nothing, Tuple{Base.OneTo{Int64}}, typeof(NCDatasets.transform), Tuple{Base.Broadcast.Extruded{Array{Float32, 1}, Tuple{Bool}, Tuple{Int64}}, Base.RefValue{Nothing}, Base.RefValue{Nothing}}}, Tuple{Int64}}"
148139	"Tuple{typeof(NCDatasets.transformv), Array{Float32, 1}, Nothing, Nothing}"
651981	"Tuple{typeof(NCDatasets.nc_inq_vardimid), Int32, Int32}"
1595023	"Tuple{typeof(Base.ntuple), getfield(NCDatasets, Symbol("##8#9")){Int32, Array{Int32, 1}, Int64}, Int64}"
549566	"Tuple{typeof(NCDatasets.nc_inq_path), Int32}"
281306	"Tuple{typeof(NCDatasets.nc_inq_varname), Int32, Int32}"
113920	"Tuple{typeof(NCDatasets.nc_put_var), Int32, Int32, Array{Float32, 1}}"
66158	"Tuple{typeof(Base.setindex!), NCDatasets.Variable{Float32, 1}, Array{Float32, 1}, Base.Colon}"
139750	"Tuple{typeof(Base.:(!=)), Tuple{Int64}, Tuple{Int64}}"
93424	"Tuple{Type{NamedTuple{(:attrib,), T} where T<:Tuple}, Tuple{Base.Dict{String, String}}}"
112221	"Tuple{getfield(NCDatasets, Symbol("#kw##defVar")), NamedTuple{(:attrib,), Tuple{Base.Dict{String, String}}}, typeof(NCDatasets.defVar), NCDatasets.Dataset, String, Array{Float32, 1}, Tuple{String}}"
277004	"Tuple{getfield(NCDatasets, Symbol("##defVar#27")), Base.Iterators.Pairs{Symbol, Base.Dict{String, String}, Tuple{Symbol}, NamedTuple{(:attrib,), Tuple{Base.Dict{String, String}}}}, Function, NCDatasets.Dataset, String, Array{Float32, 1}, Tuple{String}}"
936202	"Tuple{Type{Base.Dict{Symbol, Base.Dict{String, String}}}}"
1587905	"Tuple{typeof(Base.rehash!), Base.Dict{Symbol, Base.Dict{String, String}}, Int64}"
68512	"Tuple{typeof(Base.ht_keyindex2!), Base.Dict{Symbol, Base.Dict{String, String}}, Symbol}"
138798	"Tuple{typeof(Base.setindex!), Base.Dict{Symbol, Base.Dict{String, String}}, Base.Dict{String, String}, Symbol}"
214609	"Tuple{Type{Base.Dict{K, V} where V where K}, Base.Generator{Base.Iterators.Pairs{Symbol, Base.Dict{String, String}, Tuple{Symbol}, NamedTuple{(:attrib,), Tuple{Base.Dict{String, String}}}}, getfield(NCDatasets, Symbol("##25#26"))}}"
473995	"Tuple{typeof(Base.ht_keyindex), Base.Dict{Symbol, Base.Dict{String, String}}, Symbol}"
124551	"Tuple{typeof(NCDatasets.nc_def_vlen), Int32, Base.Dict{String, String}, Int64}"
970291	"Tuple{typeof(Base.hash), Base.Dict{String, String}, UInt64}"
164609	"Tuple{typeof(NCDatasets.nc_def_var_fletcher32), Int32, Int32, Base.Dict{String, String}}"
458218	"Tuple{getfield(NCDatasets, Symbol("##defVar#24")), Base.Iterators.Pairs{Symbol, Base.Dict{String, String}, Tuple{Symbol}, NamedTuple{(:attrib,), Tuple{Base.Dict{String, String}}}}, Function, NCDatasets.Dataset, String, DataType, Tuple{String}}"
132693	"Tuple{getfield(NCDatasets, Symbol("#kw##defVar")), NamedTuple{(:attrib,), Tuple{Base.Dict{String, String}}}, typeof(NCDatasets.defVar), NCDatasets.Dataset, String, Array{Float64, 1}, Tuple{String}}"
296770	"Tuple{getfield(NCDatasets, Symbol("##defVar#27")), Base.Iterators.Pairs{Symbol, Base.Dict{String, String}, Tuple{Symbol}, NamedTuple{(:attrib,), Tuple{Base.Dict{String, String}}}}, Function, NCDatasets.Dataset, String, Array{Float64, 1}, Tuple{String}}"
119002	"Tuple{Type{NCDatasets.Variable{Float64, 1}}, Int32, Int32, Tuple{Int32}, NCDatasets.Attributes, Array{Bool, 1}}"
71510	"Tuple{Type{NCDatasets.CFVariable{Union{Base.Missing, Float64}, 1, NCDatasets.Variable{Float64, 1}, NCDatasets.Attributes}}, NCDatasets.Variable{Float64, 1}, NCDatasets.Attributes}"
296924	"Tuple{typeof(Base.setindex!), NCDatasets.CFVariable{Union{Base.Missing, Float64}, 1, NCDatasets.Variable{Float64, 1}, NCDatasets.Attributes}, Array{Float64, 1}, Base.Colon}"
785825	"Tuple{typeof(Base.throw_boundserror), Base.Broadcast.Broadcasted{Nothing, Tuple{Base.OneTo{Int64}}, typeof(NCDatasets.transform), Tuple{Base.Broadcast.Extruded{Array{Float64, 1}, Tuple{Bool}, Tuple{Int64}}, Base.RefValue{Nothing}, Base.RefValue{Nothing}}}, Tuple{Int64}}"
186897	"Tuple{typeof(NCDatasets.transformv), Array{Float64, 1}, Nothing, Nothing}"
426599	"Tuple{typeof(NCDatasets.nc_put_var), Int32, Int32, Array{Float64, 1}}"
60105	"Tuple{typeof(Base.setindex!), NCDatasets.Variable{Float64, 1}, Array{Float64, 1}, Base.Colon}"
366584	"Tuple{typeof(Base.vect), Base.Pair{String, String}, Vararg{Base.Pair{String, String}, N} where N}"
123327	"Tuple{getfield(NCDatasets, Symbol("#kw##defVar")), NamedTuple{(:attrib,), Tuple{Array{Base.Pair{String, String}, 1}}}, typeof(NCDatasets.defVar), NCDatasets.Dataset, String, Array{Float32, 4}, Tuple{String, String, String, String}}"
281602	"Tuple{getfield(NCDatasets, Symbol("##defVar#27")), Base.Iterators.Pairs{Symbol, Array{Base.Pair{String, String}, 1}, Tuple{Symbol}, NamedTuple{(:attrib,), Tuple{Array{Base.Pair{String, String}, 1}}}}, Function, NCDatasets.Dataset, String, Array{Float32, 4}, Tuple{String, String, String, String}}"
1088609	"Tuple{typeof(Base.collect), Base.Generator{Base.StepRange{Int64, Int64}, getfield(Base, Symbol("##23#24")){Tuple{String, String, String, String}}}}"
771719	"Tuple{getfield(NCDatasets, Symbol("##defVar#24")), Base.Iterators.Pairs{Symbol, Array{Base.Pair{String, String}, 1}, Tuple{Symbol}, NamedTuple{(:attrib,), Tuple{Array{Base.Pair{String, String}, 1}}}}, Function, NCDatasets.Dataset, String, DataType, Tuple{String, String, String, String}}"
349368	"Tuple{typeof(Base.setindex!), NCDatasets.CFVariable{Union{Base.Missing, Float64}, 4, NCDatasets.Variable{Float32, 4}, NCDatasets.Attributes}, Array{Float32, 4}, Base.Colon}"
1151946	"Tuple{typeof(Base.throw_boundserror), Base.Broadcast.Broadcasted{Nothing, Tuple{Base.OneTo{Int64}, Base.OneTo{Int64}, Base.OneTo{Int64}, Base.OneTo{Int64}}, typeof(NCDatasets.transform), Tuple{Base.Broadcast.Extruded{Array{Float32, 4}, Tuple{Bool, Bool, Bool, Bool}, Tuple{Int64, Int64, Int64, Int64}}, Base.RefValue{Nothing}, Base.RefValue{Nothing}}}, Tuple{Base.IteratorsMD.CartesianIndex{4}}}"
260595	"Tuple{typeof(NCDatasets.transformv), Array{Float32, 4}, Nothing, Nothing}"
611421	"Tuple{typeof(NCDatasets.nc_put_var), Int32, Int32, Array{Float32, 4}}"
131247	"Tuple{typeof(Base.setindex!), NCDatasets.Variable{Float32, 4}, Array{Float32, 4}, Base.Colon}"
194248	"Tuple{typeof(Base.:(!=)), Tuple{Int64, Int64, Int64, Int64}, Tuple{Int64, Int64, Int64, Int64}}"
